Variable,Group1,Group2,Levene_F,df1,df2,P_value_two_sided,P_value_BH
CSA_ratio,Rock,Pelagic,0.0274752249081556,1,17,0.8703038566981562,0.8703038566981562
CSA_ratio,Rock,Sand,0.8696492582083277,1,16,0.36491226062039006,0.5473683909305851
CSA_ratio,Sand,Pelagic,0.8755503332183756,1,17,0.3625261426347397,0.5473683909305851
Imax_ratio,Rock,Pelagic,0.05886803905772604,1,17,0.8111971669817116,0.8111971669817116
Imax_ratio,Rock,Sand,0.07391528881675691,1,16,0.7891961072521745,0.8111971669817116
Imax_ratio,Sand,Pelagic,0.4200115337672286,1,17,0.5255886475951506,0.8111971669817116
